ShortName,LongName,Council
Airyhal ,Airyhall/Broomhill/Garthdee ,Aberdeen City
BrdgeDon ,Bridge of Don ,Aberdeen City
DyceBuck ,Dyce/Bucksburn / Danestone ,Aberdeen City
GeogHarb ,George St/Harbour ,Aberdeen City
HazleAsh ,Hazlehead / Ashley/Queens Cross ,Aberdeen City
HiltWood ,Hilton/Woodside/Stockethill ,Aberdeen City
Kincorth ,Kincorth/Nigg/Cove ,Aberdeen City
Kingswel ,Kingswells/Sheddocksley/Summerhill ,Aberdeen City
LowerDee ,Lower Deeside ,Aberdeen City
Midstock ,Midstocket/Rosemount ,Aberdeen City
Nrthfild ,Northfield / Mastrick North ,Aberdeen City
Tillydrn ,Tillydrone / Seaton/Old Aberdeen ,Aberdeen City
TorFerry ,Torry/Ferryhill ,Aberdeen City
AboyneUp,"Aboyne, Upper Deeside & Donside",Aberdeenshire
Banchory,Banchory & Mid Deeside,Aberdeenshire
Banffand,Banff & District,Aberdeenshire
CentralB,Central Buchan,Aberdeenshire
EastGari,East Garioch,Aberdeenshire
Ellonand,Ellon & District,Aberdeenshire
Fraserbu,Fraserburgh & District,Aberdeenshire
HuntlySt,"Huntly, Strathbogie & Howe of Alford",Aberdeenshire
Inveruri,Inverurie & District,Aberdeenshire
Mearns,Mearns,Aberdeenshire
MidForma,Mid Formartine,Aberdeenshire
NorthKin,North Kincardine,Aberdeenshire
PeterNaR,Peterhead North & Rattray,Aberdeenshire
PeterSaC,Peterhead South & Cruden,Aberdeenshire
Stonehav,Stonehaven & Lower Deeside,Aberdeenshire
Troup,Troup,Aberdeenshire
TurriffD,Turriff & District,Aberdeenshire
WestGari,West Garioch,Aberdeenshire
Westhill,Westhill & District,Aberdeenshire
ArbroEaL,Arbroath East & Lunan,Angus
ArbrWLaF,"Arbroath West, Letham & Friockheim",Angus
Brechina,Brechin & Edzell,Angus
Carnoust,Carnoustie & District,Angus
Forfaran,Forfar & District,Angus
Kirriemu,Kirriemuir & Dean,Angus
Monifiet,Monifieth & Sidlaw,Angus
Montrose,Montrose & District,Angus
Bute,Bute,Argyll & Bute
CollTire,Coll & Tiree,Argyll & Bute
Cowal,Cowal,Argyll & Bute
HelenLom,Helensburgh & Lomond,Argyll & Bute
IslJurCo,"Islay, Jura & Colonsay",Argyll & Bute
Kintyre,Kintyre,Argyll & Bute
Lorn,Lorn & the Inner Isles,Argyll & Bute
MidArgyl,Mid Argyll,Argyll & Bute
MulIona,Mull & Iona,Argyll & Bute
Almond,Almond,City of Edinburgh
CityCent,City Centre,City of Edinburgh
Colinton,Colinton/Fairmilehead,City of Edinburgh
Corstorp,Corstorphine/Murrayfield,City of Edinburgh
Craigent,Craigentinny/Duddingston,City of Edinburgh
DrumBrae,Drum Brae/Gyle,City of Edinburgh
Forth,Forth,City of Edinburgh
Fountain,Fountainbridge/Craiglockhart,City of Edinburgh
Inverlei,Inverleith,City of Edinburgh
Leith,Leith,City of Edinburgh
LeithWal,Leith Walk,City of Edinburgh
Liberton,Liberton/Gilmerton,City of Edinburgh
Mornings,Morningside,City of Edinburgh
Pentland,Pentland Hills,City of Edinburgh
Portobel,Portobello/Craigmillar,City of Edinburgh
Sighthil,Sighthill/Gorgie,City of Edinburgh
Southsid,Southside/Newington,City of Edinburgh
ClackmaC,Clackmannanshire Central,Clackmannanshire
ClackmaE,Clackmannanshire East,Clackmannanshire
ClackmaN,Clackmannanshire North,Clackmannanshire
ClackmaS,Clackmannanshire South,Clackmannanshire
ClackmaW,Clackmannanshire West,Clackmannanshire
Abbey,Abbey,Dumfries & Galloway
AnnandaE,Annandale East & Eskdale,Dumfries & Galloway
AnnandaN,Annandale North,Dumfries & Galloway
AnnandaS,Annandale South,Dumfries & Galloway
CastleDo,Castle Douglas & Crocketford,Dumfries & Galloway
DeeandGl,Dee & Glenkens,Dumfries & Galloway
Lochar,Lochar,Dumfries & Galloway
MidandUp,Mid & Upper Nithsdale,Dumfries & Galloway
MidGallo,Mid Galloway & Wigtown West,Dumfries & Galloway
Nith,Nith,Dumfries & Galloway
NorthWes,North West Dumfries,Dumfries & Galloway
Stranrae,Stranraer & the Rhins,Dumfries & Galloway
Coldside,Coldside,Dundee City
EastEnd,East End,Dundee City
Lochee,Lochee,Dundee City
Maryfiel,Maryfield,Dundee City
NorthEaD,North East,Dundee City
Strathma,Strathmartine,Dundee City
TheFerry,The Ferry,Dundee City
WestEnd,West End,Dundee City
Annick ,Annick,East Ayrshire
Ballochm ,Ballochmyle,East Ayrshire
Cumnocka ,Cumnock & New Cumnock,East Ayrshire
DoonVall ,Doon Valley,East Ayrshire
IrvineVa ,Irvine Valley,East Ayrshire
KilmaEaH ,Kilmarnock East & Hurlford,East Ayrshire
KilmarnN ,Kilmarnock North,East Ayrshire
KilmarnS ,Kilmarnock South,East Ayrshire
KilmaWaC ,Kilmarnock West & Crosshouse,East Ayrshire
BearsdN ,Bearsden North,East Dunbartonshire
BearsdS ,Bearsden South,East Dunbartonshire
BishoNaC ,Bishopbriggs North & Campsie,East Dunbartonshire
BishopbS ,Bishopbriggs South,East Dunbartonshire
Kirkinti ,Kirkintilloch East & North & Twechar,East Dunbartonshire
Lenziean ,Lenzie & Kirkintilloch South,East Dunbartonshire
Milngavi ,Milngavie,East Dunbartonshire
Dunbaran,Dunbar & East Linton,East Lothian
Haddingt,Haddington & Lammermuir,East Lothian
Musselbu,Musselburgh,East Lothian
NorthBer,North Berwick Coastal,East Lothian
PrestonS,"Preston, Seton & Gosford",East Lothian
TranentW,"Tranent, Wallyford & Macmerry",East Lothian
Ewd_N_EW,"Eastwood North, Eaglesham & Waterfoot",East Renfrewshire
Lev_Vall,Levern Valley,East Renfrewshire
N_Mearns,Newton Mearns,East Renfrewshire
BonessBn,Bo'ness & Blackness,Falkirk
Bonnybri,Bonnybridge & Larbert,Falkirk
CarseKin,"Carse, Kinnaird & Tryst",Falkirk
Dennyand,Denny & Banknock,Falkirk
FalkirkN,Falkirk North,Falkirk
FalkirkS,Falkirk South,Falkirk
Grangemo,Grangemouth,Falkirk
LoBraes,Lower Braes,Falkirk
UpBraes,Upper Braes,Falkirk
Buckhave,"Buckhaven, Methil & Wemyss Villages",Fife
Burntisl,"Burntisland, Kinghorn & Western Kirkcaldy",Fife
Cowdenbe,Cowdenbeath,Fife
Cupar,Cupar,Fife
DunfermC,Dunfermline Central,Fife
DunfermN,Dunfermline North,Fife
DunfermS,Dunfermline South,Fife
EastNeuk,East Neuk & Landward,Fife
GlenCaT,Glenrothes Central & Thornton,Fife
GlenNLaM,"Glenrothes North, Leslie & Markinch",Fife
GlenrWaK,Glenrothes West & Kinglassie,Fife
HoweofFi,Howe of Fife & Tay Coast,Fife
Inverkei,Inverkeithing & Dalgety Bay,Fife
KirkcalC,Kirkcaldy Central,Fife
KirkcalE,Kirkcaldy East,Fife
KirkcalN,Kirkcaldy North,Fife
LevenKen,"Leven, Kennoway & Largo",Fife
Lochgell,"Lochgelly, Cardenden & Benarty",Fife
Rosyth,Rosyth,Fife
StAndrew,St. Andrews,Fife
TayBridg,Tay Bridgehead,Fife
WestFife,West Fife & Coastal Villages,Fife
Andersto,Anderston/City/Yorkhill,Glasgow City
Baillies,Baillieston,Glasgow City
Calton,Calton,Glasgow City
Canal,Canal,Glasgow City
Cardonal,Cardonald,Glasgow City
Dennisto,Dennistoun,Glasgow City
Drumchap,Drumchapel/Anniesland,Glasgow City
EastCent,East Centre,Glasgow City
Garscadd,Garscadden/Scotstounhill,Glasgow City
Govan,Govan,Glasgow City
GreaterP,Greater Pollok,Glasgow City
Hillhead,Hillhead,Glasgow City
Langside,Langside,Glasgow City
Linn,Linn,Glasgow City
Maryhill,Maryhill,Glasgow City
Newlands,Newlands/Auldburn,Glasgow City
NorthEaG,North East,Glasgow City
PartickE,Partick East/Kelvindale,Glasgow City
Polloksh,Pollokshields,Glasgow City
Shettles,Shettleston,Glasgow City
SouthsiC,Southside Central,Glasgow City
Springbu,Springburn/Robroyston,Glasgow City
Victoria,Victoria Park,Glasgow City
BS,Badenoch & Strathspey,Highland
CA,Caithness,Highland
ER,East Ross,Highland
IN,Inverness,Highland
LO,Lochaber,Highland
MR,Mid Ross,Highland
NA,Nairn,Highland
RCW,Ross & Cromarty West,Highland
SL,Skye & Lochalsh,Highland
SU,Sutherland,Highland
InvercEC,Inverclyde East Central,Inverclyde
InverclC,Inverclyde Central,Inverclyde
InverclE,Inverclyde East,Inverclyde
InverclN,Inverclyde North,Inverclyde
InverclS,Inverclyde South,Inverclyde
InverclW,Inverclyde West,Inverclyde
InvercSW,Inverclyde South West,Inverclyde
Bonnyrig,Bonnyrigg,Midlothian
Dalkeith,Dalkeith,Midlothian
MidlothE,Midlothian East,Midlothian
MidlothS,Midlothian South,Midlothian
MidlothW,Midlothian West,Midlothian
Penicuik,Penicuik,Midlothian
Buckie,Buckie,Moray
ElginCN,Elgin City North,Moray
ElginCS,Elgin City South,Moray
Fochaber,Fochabers Lhanbryde,Moray
Forres,Forres,Moray
HeldonLa,Heldon & Laich,Moray
KeithCul,Keith & Cullen,Moray
Speyside,Speyside Glenlivet,Moray
AnTaobhS,An Taobh Siar agus Nis,Na h-Eileanan Siar
Barraigh,"Barraigh, Bhatarsaigh, Eirisgeigh agus Uibhist a Deas",Na h-Eileanan Siar
BeinnnaF,Beinn na Foghla agus Uibhist a Tuath,Na h-Eileanan Siar
LochaTua,Loch a Tuath,Na h-Eileanan Siar
NaHearad,Na Hearadh agus Ceann a Deas nan Loch,Na h-Eileanan Siar
SgireanR,Sgire an Rubha,Na h-Eileanan Siar
SgirUige,Sgir'Uige agus Ceann a Tuath nan Loch,Na h-Eileanan Siar
SteornaD,Steornabhagh a Deas,Na h-Eileanan Siar
SteornaT,Steornabhagh a Tuath,Na h-Eileanan Siar
3Towns,Three Towns,North Ayrshire
Arran,Arran,North Ayrshire
GarnockV,Garnock Valley,North Ayrshire
Irvine,Irvine ,North Ayrshire
Kilw,Kilwinning,North Ayrshire
NorthCst,North Coast & Cumbraes,North Ayrshire
AirdrieC,Airdrie Central,North Lanarkshire
AirdrieN,Airdrie North,North Lanarkshire
AirdrieS,Airdrie South,North Lanarkshire
Bellshil,Bellshill,North Lanarkshire
CoatbriN,Coatbridge North,North Lanarkshire
CoatbriS,Coatbridge South,North Lanarkshire
CoatbriW,Coatbridge West,North Lanarkshire
CumbernE,Cumbernauld East,North Lanarkshire
CumbernN,Cumbernauld North,North Lanarkshire
CumbernS,Cumbernauld South,North Lanarkshire
Fortissa,Fortissat,North Lanarkshire
Gartcosh,"Gartcosh, Glenboig & Moodiesburn",North Lanarkshire
Kilsyth,Kilsyth,North Lanarkshire
MossendH,Mossend & Holytown,North Lanarkshire
MotherwN,Motherwell North,North Lanarkshire
MotherwW,Motherwell West,North Lanarkshire
MothSEaR,Motherwell South East & Ravenscraig,North Lanarkshire
Murdosto,Murdostoun,North Lanarkshire
SteppsCh,"Stepps, Chryston & Muirhead",North Lanarkshire
Thorniew,Thorniewood,North Lanarkshire
Wishaw,Wishaw,North Lanarkshire
EastMain,"East Mainland, South Ronaldsay & Burray",Orkney Islands
KirkwalE,Kirkwall East,Orkney Islands
KirkwaWO,Kirkwall West & Orphir,Orkney Islands
NorthIsO,North Isles,Orkney Islands
Stromnes,Stromness & South Isles,Orkney Islands
WestMain,West Mainland,Orkney Islands
Almondan,Almond & Earn,Perth & Kinross
Blairgow,Blairgowrie & Glens,Perth & Kinross
CarseofG,Carse of Gowrie,Perth & Kinross
Highland,Highland,Perth & Kinross
Kinrosss,Kinross-shire,Perth & Kinross
PerthCC,Perth City Centre,Perth & Kinross
PerthCN,Perth City North,Perth & Kinross
PerthCS,Perth City South,Perth & Kinross
Strathal,Strathallan,Perth & Kinross
Strathea,Strathearn,Perth & Kinross
Strathmo,Strathmore,Perth & Kinross
Strathta,Strathtay,Perth & Kinross
Bishopto,"Bishopton, Bridge of Weir & Langbank",Renfrewshire
ErskineI,Erskine & Inchinnan,Renfrewshire
HoustonC,"Houston, Crosslee & Linwood",Renfrewshire
JohNKHaL,"Johnstone North, Kilbarchan, Howwood & Lochwinnoch",Renfrewshire
JohnsSaE,Johnstone South & Elderslie,Renfrewshire
PaisleSE,Paisley Southeast,Renfrewshire
PaisleSW,Paisley Southwest,Renfrewshire
PaisleyE,Paisley East & Central,Renfrewshire
PaisleyN,Paisley Northwest,Renfrewshire
PaislNaR,Paisley Northeast & Ralston,Renfrewshire
RenfrewN,Renfrew North & Braehead,Renfrewshire
RenfrewS,Renfrew South & Gallowhill,Renfrewshire
EastBerw,East Berwickshire,Scottish Borders
Galashie,Galashiels & District,Scottish Borders
HawickaD,Hawick & Denholm,Scottish Borders
HawickaH,Hawick & Hermitage,Scottish Borders
Jedburgh,Jedburgh & District,Scottish Borders
KelsoDis,Kelso & District,Scottish Borders
Leaderda,Leaderdale & Melrose,Scottish Borders
MidBerwi,Mid Berwickshire,Scottish Borders
Selkirks,Selkirkshire,Scottish Borders
TweeddaE,Tweeddale East,Scottish Borders
TweeddaW,Tweeddale West,Scottish Borders
LerwickN,Lerwick North,Shetland Islands
LerwickS,Lerwick South,Shetland Islands
NorthIsS,North Isles,Shetland Islands
ShetlanC,Shetland Central,Shetland Islands
ShetlanN,Shetland North,Shetland Islands
ShetlanS,Shetland South,Shetland Islands
ShetlanW,Shetland West,Shetland Islands
AlwyDnft,Alloway & Doonfoot,South Ayrshire
AnbMbTar,Annbank Mossblown & Tarbolton: the Coalfields,South Ayrshire
ANHbrWNS,Ayr North Harbour Wallacetown & Newton South,South Ayrshire
ASHbrTC,Ayr South Harbour & Town Centre,South Ayrshire
Barassie,Barassie,South Ayrshire
Belmont,Belmont,South Ayrshire
CastKinc,Castlehill & Kincaidston,South Ayrshire
Coylton,Coylton,South Ayrshire
DalmCrai,Dalmilling & Craigie,South Ayrshire
DundLoan,Dundonald & Loans,South Ayrshire
Girvan,Girvan,South Ayrshire
HolmFore,Holmston & Forehill,South Ayrshire
Hthfield,Heathfield,South Ayrshire
LsBhdWls,Lochside Braehead & Whitletts,South Ayrshire
Maybole,Maybole,South Ayrshire
Muirhead,Muirhead,South Ayrshire
NCkVillg,North Carrick Villages,South Ayrshire
NewtonN,Newton North,South Ayrshire
PwkApMkt,Prestwick Airport & Monkton,South Ayrshire
PwkEast,Prestwick East,South Ayrshire
PwkWest,Prestwick West,South Ayrshire
SCkVillg,South Carrick Villages,South Ayrshire
Symingtn,Symington,South Ayrshire
Troon,Troon,South Ayrshire
BLANTYRE,BLANTYRE,South Lanarkshire
BOTHWELL,BOTHWELL,South Lanarkshire
CAMBSLNG,CAMBUSLANG,South Lanarkshire
CARLUKE,CARLUKE,South Lanarkshire
CLYDSDLE,CLYDESDALE EAST,South Lanarkshire
EASTKILB,EAST KILBRIDE,South Lanarkshire
HAMILTON,HAMILTON,South Lanarkshire
LANARK,LANARK,South Lanarkshire
LARKHALL,LARKHALL,South Lanarkshire
LESMHGOW,LESMAHAGOW,South Lanarkshire
RUTHRGLN,RUTHERGLEN,South Lanarkshire
STONEHSE,STONEHOUSE,South Lanarkshire
STRATHVN,STRATHAVEN,South Lanarkshire
UDDNGSTN,UDDINGSTON,South Lanarkshire
Bannockb,Bannockburn,Stirling
Dunblane,Dunblane & Bridge of Allan,Stirling
ForthEnd,Forth & Endrick,Stirling
StirlinE,Stirling East,Stirling
StirlinN,Stirling North,Stirling
StirlinW,Stirling West,Stirling
Trossach,Trossachs & Teith,Stirling
ClydebaC,Clydebank Central,West Dunbartonshire
ClydebaW,Clydebank Waterfront,West Dunbartonshire
Dumbarto,Dumbarton,West Dunbartonshire
Kilpatri,Kilpatrick,West Dunbartonshire
Leven,Leven,West Dunbartonshire
Lomond,Lomond,West Dunbartonshire
Armadale,Armadale & Blackridge,West Lothian
Bathgate,Bathgate,West Lothian
Broxburn,"Broxburn, Uphall & Winchburgh",West Lothian
EastLivi,East Livingston & East Calder,West Lothian
Fauldhou,Fauldhouse & the Breich Valley,West Lothian
Linlithg,Linlithgow,West Lothian
LivingsN,Livingston North,West Lothian
LivingsS,Livingston South,West Lothian
Whitburn,Whitburn & Blackburn,West Lothian
